,repository_name,repository_id
0,tkersey,MDQ6VXNlcjIxNw==
1,njonsson,MDQ6VXNlcjY0NQ==
2,bangpound,MDQ6VXNlcjY3MzE=
3,digitalextremist,MDQ6VXNlcjIxMDk1
4,koconder,MDQ6VXNlcjI1MDY4
5,mlsj1,MDQ6VXNlcjI5Mzc1
6,syug,MDQ6VXNlcjM5MjY0
7,neopunisher,MDQ6VXNlcjczMzEw
8,jazzwang,MDQ6VXNlcjc2OTAz
9,fallenpegasus,MDQ6VXNlcjEzMDYxMg==
10,fribeiro1,MDQ6VXNlcjE0ODAwMg==
11,chchrist,MDQ6VXNlcjE3Nzg4NA==
12,massimoselvi,MDQ6VXNlcjIwMDk2OQ==
13,ScottJWalter,MDQ6VXNlcjIwNTUzNw==
14,mindcrime,MDQ6VXNlcjIzMTMzOA==
15,MarceloNascimento,MDQ6VXNlcjI1MTcwOA==
16,dmsbilas,MDQ6VXNlcjI4MDA2Nw==
17,thimslugga,MDQ6VXNlcjI4NTA1NQ==
18,leecardona,MDQ6VXNlcjMzMzQ3MA==
19,semsphy,MDQ6VXNlcjQyMzM5Ng==
20,srp19,MDQ6VXNlcjQzMzk4Ng==
21,DaemonCahill,MDQ6VXNlcjQzODE4MQ==
22,Cambera,MDQ6VXNlcjQ5MTA5MQ==
23,riyadparvez,MDQ6VXNlcjQ5NDc4Mw==
24,mitaka,MDQ6VXNlcjU0ODgyMg==
25,ZhangYunfang,MDQ6VXNlcjU4NjEyMA==
26,temosy,MDQ6VXNlcjU4NzcyNg==
27,threadstonesecure,MDQ6VXNlcjY0NDQ3Ng==
28,manuelhunziker,MDQ6VXNlcjY1NTM2OQ==
29,pedro-lima,MDQ6VXNlcjcwNzM5NQ==
30,alexharvey,MDQ6VXNlcjcyMjI1Mw==
31,josh-fisher,MDQ6VXNlcjczNTU3MA==
32,subidit,MDQ6VXNlcjc0NzE1MQ==
33,pdevenraj,MDQ6VXNlcjc2MTQ1MA==
34,nerandell,MDQ6VXNlcjgyMDEwNQ==
35,raghuboosetty,MDQ6VXNlcjg1MzMxNQ==
36,tdmalone,MDQ6VXNlcjkwMDQ2OQ==
37,34code,MDQ6VXNlcjkzMDc4Nw==
38,burib,MDQ6VXNlcjk1NjIyNw==
39,whn09,MDQ6VXNlcjk2NDUyNw==
40,bobbyearl,MDQ6VXNlcjk3MTYzOQ==
41,ahlfors,MDQ6VXNlcjEwNzQyOTE=
42,bsrz,MDQ6VXNlcjEwNzc0NDE=
43,mailmahee,MDQ6VXNlcjEwNzc3NjI=
44,daefresh,MDQ6VXNlcjEwODExNTQ=
45,dofstar,MDQ6VXNlcjEwODg0NDI=
46,codee,MDQ6VXNlcjExMDUxNTU=
47,EdZava,MDQ6VXNlcjExNTUxOTk=
48,pmanolak,MDQ6VXNlcjEyNjc4NzQ=
49,kistasi,MDQ6VXNlcjEzMTE5NDU=
50,firebitsbr,MDQ6VXNlcjE0MzEwMDU=
51,glaucodiogo,MDQ6VXNlcjE1MzExNDE=
52,manjunathd,MDQ6VXNlcjE2NTQ5ODM=
53,afonsoalban,MDQ6VXNlcjE2NzgyMTA=
54,rsaa,MDQ6VXNlcjE3Mjg2MDM=
55,hvn0413,MDQ6VXNlcjE3NTI4MzA=
56,duxing2007,MDQ6VXNlcjE3NjQ4NzM=
57,ste93cry,MDQ6VXNlcjE3NzA0ODU=
58,terran1942,MDQ6VXNlcjE3ODQ5NDU=
59,itanoss,MDQ6VXNlcjE4NjE3NDU=
60,thesobercoder,MDQ6VXNlcjE5MTUyNDk=
61,rickymaciel,MDQ6VXNlcjIwNzM2MzM=
62,KevinGimbel,MDQ6VXNlcjIxNjE3MTQ=
63,zsp0817,MDQ6VXNlcjIyNzU2NDU=
64,konamo,MDQ6VXNlcjIzMTE1MDM=
65,voldyman,MDQ6VXNlcjIzNzgwODM=
66,golf-x,MDQ6VXNlcjIzODI5OTI=
67,alexjennings,MDQ6VXNlcjI0MjExNDk=
68,somaditya,MDQ6VXNlcjI2MDc3MDQ=
69,apjowen,MDQ6VXNlcjI2MjQ3MjQ=
70,usui-tk,MDQ6VXNlcjI4NTk2ODU=
71,dengqixing,MDQ6VXNlcjI5Mjk3MzM=
72,Davi-He,MDQ6VXNlcjMwMzI0MjU=
73,godsoul,MDQ6VXNlcjMxMDQ1MDA=
74,kumar-nitish,MDQ6VXNlcjMxMTc2MTQ=
75,PandaBlessing,MDQ6VXNlcjMyODEzNjM=
76,andyuls,MDQ6VXNlcjMzNTA3OTU=
77,juanjoruiz2109,MDQ6VXNlcjMzNzU0OTM=
78,mangualero,MDQ6VXNlcjM0MjI5Njg=
79,proverbs53,MDQ6VXNlcjM1MDUxMTE=
80,universewrld,MDQ6VXNlcjM2NjI1MTk=
81,HJiefeng,MDQ6VXNlcjM3ODgzNzE=
82,kkpan11,MDQ6VXNlcjM4OTQyNzk=
83,plumcube,MDQ6VXNlcjQwMDE0MzQ=
84,magigo,MDQ6VXNlcjQwMjgyMDY=
85,ahmadfaizalbh,MDQ6VXNlcjQwNjg3ODk=
86,flukebox,MDQ6VXNlcjQwNzUyMDk=
87,jakebrinkmann,MDQ6VXNlcjQxMTA1NzE=
88,simar1998,MDQ6VXNlcjQxNDg1MDA=
89,AAbasinejad,MDQ6VXNlcjQyMDI1ODI=
90,virtuoushub,MDQ6VXNlcjQzMDM2Mzg=
91,huamichaelchen,MDQ6VXNlcjQzMjczNzM=
92,mumblepins,MDQ6VXNlcjQ0NDA2NTI=
93,b3nkos,MDQ6VXNlcjQ1MzA1NTM=
94,bretdarby,MDQ6VXNlcjQ1MzQxNTA=
95,srinitude,MDQ6VXNlcjQ1OTYwMzc=
96,the-watchmaker,MDQ6VXNlcjQ2ODI2MTM=
97,codinggooner,MDQ6VXNlcjQ3NDY1MzA=
98,kimpenguin,MDQ6VXNlcjQ3OTM5MTU=
99,weisberg,MDQ6VXNlcjUwNTQ3MTA=
100,ace-coder,MDQ6VXNlcjUxMTIzNzg=
101,infinitedreams9586,MDQ6VXNlcjUyMTA1Mjk=
102,tusharsoni08,MDQ6VXNlcjUyNDkwMjQ=
103,hoansgithub,MDQ6VXNlcjUyNjAxMDE=
104,schallerala,MDQ6VXNlcjUzMTk1MjA=
105,alexxyjiang,MDQ6VXNlcjUzMzUxMzk=
106,star-fx,MDQ6VXNlcjU2MjY3NjU=
107,amavlyanov,MDQ6VXNlcjU2MzE4MzI=
108,garciparedes,MDQ6VXNlcjU2NDAzNjY=
109,keshabb,MDQ6VXNlcjU2NTE5NTc=
110,s0nlxaftrsh0ck,MDQ6VXNlcjU4NzE0MzA=
111,mklemann-com,MDQ6VXNlcjU5OTUzMjA=
112,roykalony,MDQ6VXNlcjYxNDU0NTY=
113,thomasdalbert,MDQ6VXNlcjYyMzA5OTY=
114,edisona,MDQ6VXNlcjYzNzAyMjU=
115,Steven-Acomb,MDQ6VXNlcjYzNzg5MDc=
116,kevcooper,MDQ6VXNlcjY0NjgwNjQ=
117,jodavaho,MDQ6VXNlcjY1ODAzMjc=
118,side9show,MDQ6VXNlcjY1ODQyMDQ=
119,teeksingh,MDQ6VXNlcjY1OTE5MDQ=
120,kevingrondin,MDQ6VXNlcjY2MDQyMjA=
121,koyashiro,MDQ6VXNlcjY2OTgyNTI=
122,unlitdev,MDQ6VXNlcjY4MDc2MTU=
123,well1791,MDQ6VXNlcjY4MTcwMDg=
124,mleziva,MDQ6VXNlcjY5MjUzODE=
125,ykaidashov,MDQ6VXNlcjcwNjcyOTQ=
126,anand-b,MDQ6VXNlcjcxOTQ4NTg=
127,xGreat,MDQ6VXNlcjcyMjA3NDM=
128,MatterhornProject,MDQ6VXNlcjcyNTczMTA=
129,tolgabuyuktanir,MDQ6VXNlcjczMzUwNTA=
130,cash2059,MDQ6VXNlcjczOTE4Njc=
131,vedamj01,MDQ6VXNlcjc1NzYzNzM=
132,rodazuero,MDQ6VXNlcjc3NTQzOTQ=
133,JustCallMe-AK,MDQ6VXNlcjc3NjE5MjM=
134,Wyvernslay3r,MDQ6VXNlcjc5NTgwNTY=
135,gabrlyg,MDQ6VXNlcjgwMjU2NjI=
136,paulosiciliano,MDQ6VXNlcjgwNDQ0MDk=
137,martinvaldivia,MDQ6VXNlcjgwNTI4MDE=
138,rdczhby,MDQ6VXNlcjgwNjAyMTU=
139,mys328,MDQ6VXNlcjgwNjMxODk=
140,andrey-berenda,MDQ6VXNlcjgxNDEyMjY=
141,sinhang,MDQ6VXNlcjgxNDE4NTk=
142,Lakshmiaddepalli,MDQ6VXNlcjgxOTI2ODM=
143,mohamed-abdelsattar92,MDQ6VXNlcjgyMjMwODM=
144,rawer886,MDQ6VXNlcjgyNDM2ODk=
145,thanhcsf,MDQ6VXNlcjg0ODE3Njc=
146,junaid109,MDQ6VXNlcjg0OTU3NDg=
147,bafeiyu,MDQ6VXNlcjg1NTY3MzM=
148,Ylmzef,MDQ6VXNlcjg1NjI1MTQ=
149,anlexN,MDQ6VXNlcjg2ODY3Mzk=
150,Janujan,MDQ6VXNlcjg3MTY3MjI=
151,fwblcz,MDQ6VXNlcjg4MjM0ODk=
152,djinl520,MDQ6VXNlcjg5MjQxMDM=
153,protyay,MDQ6VXNlcjg5Mjk4MTE=
154,selfishprimate,MDQ6VXNlcjg5MzcyNDU=
155,Mwalthery,MDQ6VXNlcjg5ODUyNDE=
156,GregAllenSmith,MDQ6VXNlcjkwMjIxNTQ=
157,zgover,MDQ6VXNlcjkwNDQ3NzM=
158,avestura,MDQ6VXNlcjkwOTE5NTg=
159,aspindle,MDQ6VXNlcjkwOTUwMzM=
160,pqrsooo,MDQ6VXNlcjkxMzExMzU=
161,evanshrestha,MDQ6VXNlcjkxNDgyNDI=
162,bos-hieu,MDQ6VXNlcjkyMTc5MDg=
163,sonimonish00,MDQ6VXNlcjkyNzE0MjU=
164,ljesparis,MDQ6VXNlcjkzMTMyNDM=
165,imvikramn,MDQ6VXNlcjkzMTQ4OTA=
166,massivelivefun,MDQ6VXNlcjkzNDcwOTY=
167,garrettrh,MDQ6VXNlcjk0OTI2Njk=
168,ghishadow,MDQ6VXNlcjk1ODM3NzU=
169,shower1986,MDQ6VXNlcjk2OTE3OTU=
170,mseld,MDQ6VXNlcjk5MTI1NTA=
171,JasonYe88,MDQ6VXNlcjk5MjQ1NTc=
172,seshurajup,MDQ6VXNlcjEwMDA5MTE0
173,xiaopizi19,MDQ6VXNlcjEwMDI3NTIx
174,pelamlio,MDQ6VXNlcjEwMTQ3NTc4
175,Asavarkhul,MDQ6VXNlcjEwMTY5MDMw
176,ajay340,MDQ6VXNlcjEwMTgxMTM1
177,custadian,MDQ6VXNlcjEwMjgxODQ1
178,KlwntSingh,MDQ6VXNlcjEwMjk2NTU2
179,FelixFeliciant,MDQ6VXNlcjEwMzIyMDc2
180,learnerzhang,MDQ6VXNlcjEwMzg3Nzc2
181,gamedebug,MDQ6VXNlcjEwNDE0MzI2
182,jonathanarodr,MDQ6VXNlcjEwNDQ5NjA3
183,osama-ahmed,MDQ6VXNlcjEwNjQ1Mjcw
184,nir-zilberman,MDQ6VXNlcjEwNjg2MjA2
185,changyongyong,MDQ6VXNlcjEwNjkzOTM0
186,bigDP,MDQ6VXNlcjEwNzA1OTE0
187,WajahatSiddiqui,MDQ6VXNlcjEwODExNzU5
188,markjohnlucas,MDQ6VXNlcjEwODM0MDQ1
189,Vaibhav,MDQ6VXNlcjEwOTAyOTY5
190,manavchoudhary,MDQ6VXNlcjEwOTIxNzY3
191,nikolaospapachristou,MDQ6VXNlcjEwOTY3NDY1
192,vslala,MDQ6VXNlcjExMTg5NTI4
193,Ngel-Castro,MDQ6VXNlcjExMjM1MDkx
194,dawei-wang,MDQ6VXNlcjExMzU4NTY3
195,George-Petrovski,MDQ6VXNlcjExMzc3NzI2
196,JeffUssing,MDQ6VXNlcjExNTI2NjIz
197,yxblee,MDQ6VXNlcjExNTk0NjM2
198,barisates,MDQ6VXNlcjExNjAwMTg2
199,ankkrish,MDQ6VXNlcjExNjAwODMx
200,pratickRoy,MDQ6VXNlcjExNzEzNTA3
201,pereirakadu,MDQ6VXNlcjExNzI0Nzg4
202,justinsamuel92,MDQ6VXNlcjExNzUwMzk3
203,dotsnangles,MDQ6VXNlcjExNzg0ODMz
204,609151318,MDQ6VXNlcjEyMDY0Nzgz
205,RyanAugust,MDQ6VXNlcjEyMTA0MDAz
206,noid11,MDQ6VXNlcjEyNDcyMjMx
207,ioing,MDQ6VXNlcjEyNTA5MDY5
208,AruulmozhivarmanS,MDQ6VXNlcjEyNTMwNTEw
209,Tusharjagi,MDQ6VXNlcjEyNTk2NDU3
210,ivaylo-yordanov,MDQ6VXNlcjEyNTk3MjI0
211,emullaraj,MDQ6VXNlcjEyNjQ1OTA5
212,mcguegi,MDQ6VXNlcjEyNzgwOTM5
213,nbhirud,MDQ6VXNlcjEyODEwMzM2
214,fischerleon,MDQ6VXNlcjEyODYwNDIz
215,UmutSERIFLER,MDQ6VXNlcjEyOTQ4MTQz
216,zhu0823,MDQ6VXNlcjEzMDYxODky
217,Joe192168,MDQ6VXNlcjEzMDk2Njc4
218,LindaHaviv,MDQ6VXNlcjEzMTg3NzQ0
219,ball582,MDQ6VXNlcjEzMTkyNzUz
220,dmitrykrisko,MDQ6VXNlcjEzMjc1NTU2
221,we1l1n,MDQ6VXNlcjEzMjk5NDY2
222,dongzhuoyao,MDQ6VXNlcjEzNTM3MTA0
223,xuelangqingkong,MDQ6VXNlcjEzNzI2MjQx
224,godobyte,MDQ6VXNlcjEzNzc4MDAz
225,chanffdavid,MDQ6VXNlcjEzNzkxNjA5
226,anomaly-88,MDQ6VXNlcjEzODE2NzUx
227,undabah,MDQ6VXNlcjEzOTQ5NDA3
228,aymenbelarbi,MDQ6VXNlcjEzOTgzMDE5
229,ashish936,MDQ6VXNlcjE0MDc2NDg2
230,giotramu,MDQ6VXNlcjE0MTU3NTc4
231,guilhermebc,MDQ6VXNlcjE0MjM0MTc1
232,SMBgurus,MDQ6VXNlcjE0MjQ3MTkz
233,mate-h,MDQ6VXNlcjE0MzUxNjcw
234,artur-sak13,MDQ6VXNlcjE0ODUyNzcz
235,yorshreynoso,MDQ6VXNlcjE0ODc3MjQw
236,yehuizhang,MDQ6VXNlcjE1MDcxNDE0
237,AAdewunmi,MDQ6VXNlcjE1MTcyNzQ0
238,kalsyanpradeep,MDQ6VXNlcjE1NjM1NjE0
239,charaton,MDQ6VXNlcjE1NjQ0MTY1
240,vonzou,MDQ6VXNlcjE1NzEyNTIy
241,jaymahfudy,MDQ6VXNlcjE1OTUzMDk2
242,maxsxu,MDQ6VXNlcjE1OTYzMTQx
243,keita-hino,MDQ6VXNlcjE1OTczNjcx
244,KyuDounSim,MDQ6VXNlcjE1OTczOTUz
245,Anirudh257,MDQ6VXNlcjE2MDAxNDQ2
246,joaoantoniomartinsfilho,MDQ6VXNlcjE2MDQ2NzIz
247,satyarajreddy,MDQ6VXNlcjE2MTcxOTcx
248,AnsonHwang86,MDQ6VXNlcjE2MjMzMzk3
249,anirudhbagri,MDQ6VXNlcjE2MjUwNjI5
250,STCYC,MDQ6VXNlcjE2MjY4ODA1
251,rsmelo92,MDQ6VXNlcjE2Mjk1NDAy
252,StrangerCoug,MDQ6VXNlcjE2MzY4MTA3
253,keren123,MDQ6VXNlcjE2Mzk0MDUz
254,noodanee,MDQ6VXNlcjE2NDQ5Mzg1
255,alobe,MDQ6VXNlcjE2NDYxNjA4
256,JadeCong,MDQ6VXNlcjE2NTE2MjA1
257,graceko22,MDQ6VXNlcjE2NzM5Mzcy
258,Timotej979,MDQ6VXNlcjE2ODQwNTI4
259,erenaslandev,MDQ6VXNlcjE2ODYyODMz
260,serhiiklenachov,MDQ6VXNlcjE2OTg1NzQy
261,camerondurham,MDQ6VXNlcjE3MDEzNDYy
262,khanhhuy288,MDQ6VXNlcjE3MTMyNTg4
263,gstair,MDQ6VXNlcjE3MTMzNjg3
264,ifbowen,MDQ6VXNlcjE3MTc0MzA5
265,hotsticker,MDQ6VXNlcjE3MjI4MDU4
266,ningfc,MDQ6VXNlcjE3MzMyMTg2
267,RishabhKr97,MDQ6VXNlcjE3NDU0NzQy
268,jiangoz,MDQ6VXNlcjE3NTMxNTY5
269,ardasatata,MDQ6VXNlcjE3NTY4NTA4
270,Murplugg,MDQ6VXNlcjE3NTc1Njg4
271,tanvirstreame,MDQ6VXNlcjE3NjM4OTg2
272,kworkbee,MDQ6VXNlcjE4MDM0NjI2
273,arnab-ray,MDQ6VXNlcjE4MTEwMjQ4
274,StarDustTwinkle,MDQ6VXNlcjE4MTQ2OTQz
275,bahadirsahin,MDQ6VXNlcjE4MjM3Njcz
276,SMSesay,MDQ6VXNlcjE4Mjk2ODMy
277,jamestiotio,MDQ6VXNlcjE4MzY0NzQ1
278,anuj97,MDQ6VXNlcjE4NDYzNDgy
279,yaelBrown,MDQ6VXNlcjE4NDgxODEx
280,motmaytinh,MDQ6VXNlcjE4NDg1MDM5
281,NoxGamingQC,MDQ6VXNlcjE4NjY1OTE3
282,aravinthakannan,MDQ6VXNlcjE4NzAxMjQ4
283,lingjiekong,MDQ6VXNlcjE5MjU1MTgy
284,janviyao,MDQ6VXNlcjE5MzkxMzAy
285,hijiki51,MDQ6VXNlcjE5NTE1NjI0
286,mksarge,MDQ6VXNlcjE5NTYwOTc1
287,pradeepkni382,MDQ6VXNlcjE5NTkyMDUx
288,rdnasim,MDQ6VXNlcjE5NjU0MTI5
289,shrinidhibarthur,MDQ6VXNlcjE5Njg2OTUz
290,StrangeKnowledgeIncresed,MDQ6VXNlcjE5NzMyNzQ1
291,Austin47,MDQ6VXNlcjE5NzQzNDM3
292,shokriw,MDQ6VXNlcjE5NzQ1ODky
293,franklin-monreal,MDQ6VXNlcjE5ODMwNTU0
294,xxh031203,MDQ6VXNlcjE5ODY3MzE5
295,lossfunc,MDQ6VXNlcjE5OTQyMTky
296,feapaydin,MDQ6VXNlcjE5OTQ2NjM5
297,loumalouomega,MDQ6VXNlcjE5OTkxNjgw
298,garyhtou,MDQ6VXNlcjIwMDk5NjQ2
299,d3v2null,MDQ6VXNlcjIwMTEyNTg5
300,msweetland,MDQ6VXNlcjIwMTU4NDA5
301,jrjm1111,MDQ6VXNlcjIwMzc2MjUz
302,mitutitu16,MDQ6VXNlcjIwMzg0NTYz
303,akashsathyan,MDQ6VXNlcjIwNDk4NTMx
304,chrisskhoury,MDQ6VXNlcjIwNjQ4NTM4
305,jeremychauvet,MDQ6VXNlcjIwODI1MjY0
306,riturajDas,MDQ6VXNlcjIwOTc0OTA5
307,Logicus03,MDQ6VXNlcjIwOTc3MDEx
308,chinchillajared,MDQ6VXNlcjIxMDQzMzA4
309,isabelchaves,MDQ6VXNlcjIxMTcwODAz
310,shikharsaxena98,MDQ6VXNlcjIxMzE1NjE4
311,flukelaster,MDQ6VXNlcjIxMzMyODQ1
312,rjuer,MDQ6VXNlcjIxMzM1MTQ2
313,mussieh,MDQ6VXNlcjIxNjkzMTQ5
314,lintsai,MDQ6VXNlcjIyMDkzMzYy
315,nj1787,MDQ6VXNlcjIyMjI1NTQ0
316,rockychang7,MDQ6VXNlcjIyMjkxMTIz
317,hanwgyu,MDQ6VXNlcjIyMjkzMTQ5
318,wudangqibujie,MDQ6VXNlcjIyMjk3MDQy
319,DihanDai,MDQ6VXNlcjIyMzE0Mjc2
320,drewfrost,MDQ6VXNlcjIyMzQwNjE1
321,MUmarJaved,MDQ6VXNlcjIyNjI0ODA3
322,contimatteo,MDQ6VXNlcjIyNjU2Njk1
323,amaankulshreshtha,MDQ6VXNlcjIyNjg4Njg3
324,hackenbacker,MDQ6VXNlcjIyODc1ODE4
325,petronem,MDQ6VXNlcjIyOTQxNzYw
326,my1795,MDQ6VXNlcjIyOTYwNzMz
327,Pzoom522,MDQ6VXNlcjIyOTYzNDkw
328,Tony-MK,MDQ6VXNlcjIyOTgyMTcz
329,hahacyd,MDQ6VXNlcjIzMTkyODgw
330,wangtiechuan,MDQ6VXNlcjIzMzcwNjg5
331,lynmison,MDQ6VXNlcjIzNDU1ODgz
332,anaghkanungo7,MDQ6VXNlcjIzNzQwMjUx
333,RickyC0626,MDQ6VXNlcjI0MTk0ODYy
334,WladFrazao,MDQ6VXNlcjI0NDAwNzY4
335,Ming0217,MDQ6VXNlcjI0NDQyODE1
336,caesar-one,MDQ6VXNlcjI0NDYxMjYx
337,Ishanna,MDQ6VXNlcjI0NTgzMzE5
338,nvspavankalyanch,MDQ6VXNlcjI0NjgyMzM5
339,JoeRMiller,MDQ6VXNlcjI0OTY2NDQw
340,devStarscream,MDQ6VXNlcjI1MjUzODkx
341,nkn6294live,MDQ6VXNlcjI1MjYyMjEy
342,ShwetaShivangi,MDQ6VXNlcjI1NDUzNTI5
343,amwi04,MDQ6VXNlcjI1NTMzNTk3
344,pd14196,MDQ6VXNlcjI1NzYzODkx
345,tychodev321,MDQ6VXNlcjI1ODcwMjQw
346,Baleryom,MDQ6VXNlcjI1OTYxMzEx
347,caitinc,MDQ6VXNlcjI1OTkzNjcw
348,almokhtarbr,MDQ6VXNlcjI2MDQyMDUw
349,andreacip,MDQ6VXNlcjI2MDg3Mjcx
350,alexanderafanasov,MDQ6VXNlcjI2MTI2MzM5
351,thapaashis110,MDQ6VXNlcjI2MzE1MTAx
352,soccernut,MDQ6VXNlcjI2MzI4NDg5
353,mdobro1,MDQ6VXNlcjI2MzQ0NTgz
354,royswale,MDQ6VXNlcjI2MzczODQw
355,saneknight,MDQ6VXNlcjI2NDczMzAy
356,AnhTrieu,MDQ6VXNlcjI2NjEyNzA0
357,janmarkuslanger,MDQ6VXNlcjI2NjMzMTIz
358,morinyan,MDQ6VXNlcjI2Njg1ODgy
359,gujiacun,MDQ6VXNlcjI2NzY5NzY4
360,adileone,MDQ6VXNlcjI2ODQwNjM3
361,BIGChask,MDQ6VXNlcjI2ODc5NzA2
362,mapjx,MDQ6VXNlcjI2OTMwMTcy
363,fuhaoma,MDQ6VXNlcjI2OTQ4Mjk4
364,DXLZ,MDQ6VXNlcjI2OTk4NzMx
365,nuffQuantumSayd,MDQ6VXNlcjI3MjAyNTUx
366,kekemao00,MDQ6VXNlcjI3NjE5NDI0
367,lamsd,MDQ6VXNlcjI3NjI5NDAx
368,anuq,MDQ6VXNlcjI3OTIzMjEz
369,igorasantos,MDQ6VXNlcjI3OTMzOTM3
370,metaphor0,MDQ6VXNlcjI3OTQ2ODgz
371,iashutoshtiwari,MDQ6VXNlcjI4MDA4OTAy
372,yaravi,MDQ6VXNlcjI4MDE1ODg3
373,skippermin,MDQ6VXNlcjI4MTI1MzIz
374,masakiasami,MDQ6VXNlcjI4Mjc5MzEz
375,huannvttd98,MDQ6VXNlcjI4NzAyNzM1
376,thatbeautifuldream,MDQ6VXNlcjI4NzE3Njg2
377,happyqq,MDQ6VXNlcjI5MDAzMTMx
378,iameduardod,MDQ6VXNlcjI5MTQ5NTgw
379,wuchunfu,MDQ6VXNlcjI5MjA2NTkz
380,venkate5hgunda,MDQ6VXNlcjI5MjIyNDU5
381,whuhxb,MDQ6VXNlcjI5NDU0NTY5
382,ronnielutalo,MDQ6VXNlcjI5NTkxNzIw
383,Samutichev,MDQ6VXNlcjI5ODM2NDc0
384,jongan69,MDQ6VXNlcjI5ODk5MDQy
385,nmoisesp,MDQ6VXNlcjMwMDMyNDA1
386,tkruer,MDQ6VXNlcjMwMTI3NTAy
387,kayericson,MDQ6VXNlcjMwMTMxNzQ2
388,tjolr,MDQ6VXNlcjMwMzI0MDU0
389,LuGO0,MDQ6VXNlcjMwMzU1MzM2
390,lodhik9,MDQ6VXNlcjMwNDk4NjY2
391,cultivate5253,MDQ6VXNlcjMwNTg3ODg4
392,akazyti,MDQ6VXNlcjMwNzgxOTQy
393,boomer2752,MDQ6VXNlcjMwOTQ1ODgw
394,Luccasoli,MDQ6VXNlcjMxMDM5Mzk2
395,abheesht17,MDQ6VXNlcjMxMzYwNDY4
396,HebaElGalad,MDQ6VXNlcjMxNjMwMzU4
397,himanshututeja1998,MDQ6VXNlcjMxNjYyNjc3
398,sevenhqj,MDQ6VXNlcjMxNzI5MjM5
399,CWHer,MDQ6VXNlcjMxODg4OTgx
400,Pei1133,MDQ6VXNlcjMxOTAyMTgy
401,SamuelMaculuve,MDQ6VXNlcjMyMDY2OTQ1
402,pasenchenko,MDQ6VXNlcjMyMTU3OTUx
403,jinjidong,MDQ6VXNlcjMyMTc5MDg5
404,eemailme,MDQ6VXNlcjMyMzA5OTc5
405,Nikronic,MDQ6VXNlcjMyNDAxODUy
406,Razdeep,MDQ6VXNlcjMyNTMxMTcz
407,FenTheDev,MDQ6VXNlcjMyNjY1NDU2
408,skywalkersPadawan,MDQ6VXNlcjMyODk0OTIw
409,patrick22414,MDQ6VXNlcjMyOTE3Mzk1
410,Jiahuan-Pei,MDQ6VXNlcjMzMDYzMTA1
411,preciouschydo,MDQ6VXNlcjMzMTI3ODUx
412,johngunerli,MDQ6VXNlcjMzMjA1MDk3
413,akashmdkml,MDQ6VXNlcjMzNDUxMTk3
414,Menotron,MDQ6VXNlcjMzNDg4NTkx
415,smustafa75,MDQ6VXNlcjMzNTE4MDI1
416,nanaboat1,MDQ6VXNlcjMzNTkzNzUy
417,Karim-53,MDQ6VXNlcjMzOTc4Mjc1
418,EthanC-8,MDQ6VXNlcjMzOTkwMzYz
419,nitinnbisht,MDQ6VXNlcjM0MDQyMTU3
420,ericpark123,MDQ6VXNlcjM0MDY4OTY4
421,5l1v3r1,MDQ6VXNlcjM0MTQzNTM3
422,Yulv-git,MDQ6VXNlcjM0MzI5MjA4
423,hexolan,MDQ6VXNlcjM0NDE3Njgz
424,moqsien,MDQ6VXNlcjM0NTExMTky
425,MilleniumSpark,MDQ6VXNlcjM0Njg0ODAw
426,sagsango,MDQ6VXNlcjM0NzkzODAy
427,Programador89,MDQ6VXNlcjM0ODE2NDIw
428,robertgro,MDQ6VXNlcjM0OTQxNzA3
429,JasonMoon95,MDQ6VXNlcjM0OTUyNTk4
430,jackpan123,MDQ6VXNlcjM1Mjg0NTQ2
431,bshreddy,MDQ6VXNlcjM1MzM4MjQx
432,TsukasaSeto,MDQ6VXNlcjM1MzU0MDA1
433,PallaviVarandani,MDQ6VXNlcjM1Njk1Mzcw
434,alvinlal,MDQ6VXNlcjM1NzcxNDMy
435,awabasher,MDQ6VXNlcjM1ODE5MDY2
436,Katsukiniwa,MDQ6VXNlcjM1OTE4Njgx
437,PMcTwist,MDQ6VXNlcjM2MDEwNzU4
438,hqng,MDQ6VXNlcjM2MDIyNjEx
439,rkv0id,MDQ6VXNlcjM2MDczNzg0
440,shiminfxcvii,MDQ6VXNlcjM2MTQzNDY5
441,sigsant,MDQ6VXNlcjM2MjM2NDM0
442,celikgokhun,MDQ6VXNlcjM2MjQ5MTM4
443,shiva0612,MDQ6VXNlcjM2Mjc1NzM5
444,kyamashiro,MDQ6VXNlcjM2NDMzNTM1
445,Turbocaspal,MDQ6VXNlcjM2NTIzNTc0
446,davnunes,MDQ6VXNlcjM2NTUzOTI2
447,afondiel,MDQ6VXNlcjM2NzEzNjM3
448,johnnyrtrentin,MDQ6VXNlcjM2Nzc5MzA4
449,stnorbi,MDQ6VXNlcjM2ODkxNzQ5
450,stacyrymer86,MDQ6VXNlcjM2OTk4MzEw
451,zero-null,MDQ6VXNlcjM3MTI3MzY5
452,jh9875,MDQ6VXNlcjM3MzQxNTI0
453,GITWHB,MDQ6VXNlcjM3NTA1NTkw
454,ricardosuman,MDQ6VXNlcjM3NzUzMTkz
455,mencarellic,MDQ6VXNlcjM4MDkwMzg2
456,rabbithophop,MDQ6VXNlcjM4MzY4Njk4
457,ftf1218,MDQ6VXNlcjM4NTEzNzU0
458,hirawatt,MDQ6VXNlcjM4NTM5NjM3
459,adilet-saken,MDQ6VXNlcjM4NTYxNDYy
460,marcomamprin,MDQ6VXNlcjM4NTYzMTk1
461,Thejuskbenny,MDQ6VXNlcjM4NTc3ODgy
462,nanaxumu,MDQ6VXNlcjM4NjQ3MDcy
463,GabrielFerrante,MDQ6VXNlcjM4NzY2MTUx
464,tinahuang222,MDQ6VXNlcjM4ODIxOTc4
465,Bhavuk-Garg,MDQ6VXNlcjM4ODQ3OTM4
466,Mzon2857,MDQ6VXNlcjM5MDEyMTY5
467,mjsheikh,MDQ6VXNlcjM5MTY4NTc2
468,anishamalde,MDQ6VXNlcjM5MzA2NDc3
469,TeddyCom1,MDQ6VXNlcjM5NDcwNTM5
470,prabhumns,MDQ6VXNlcjM5Njk4MDQx
471,HyunjunA,MDQ6VXNlcjM5Nzc2OTY4
472,harishravi121,MDQ6VXNlcjM5ODIyMDI4
473,iamharvey,MDQ6VXNlcjM5ODkzMjcx
474,rahul-zomato,MDQ6VXNlcjM5OTQwNjc4
475,avanishvyas,MDQ6VXNlcjQwMDU2MjQy
476,inframarauder,MDQ6VXNlcjQwMTE3MzU4
477,YjqZhouxiao,MDQ6VXNlcjQwMjQyNzEz
478,erichlin1,MDQ6VXNlcjQwMjUwNTcw
479,adhamsalama,MDQ6VXNlcjQwMjUyOTk1
480,LuoTailong,MDQ6VXNlcjQwMjYyODM5
481,sovansambath-phann,MDQ6VXNlcjQwMzk4NTQ5
482,rkej,MDQ6VXNlcjQwNDI0Mjcw
483,jinshuye,MDQ6VXNlcjQwNTg4NzM5
484,ibn-khafagah,MDQ6VXNlcjQwNjAwOTI1
485,kartikeytewari,MDQ6VXNlcjQwNjczNzM0
486,MD-ARFIN,MDQ6VXNlcjQwNjg5MDM1
487,johncruyff14,MDQ6VXNlcjQwNzU2NDc3
488,johan-lab,MDQ6VXNlcjQwODg1NzE3
489,ambanerjee,MDQ6VXNlcjQwOTc0NTE3
490,bzamith,MDQ6VXNlcjQxMDA2NTc2
491,deviknitkkr,MDQ6VXNlcjQxMTM1MzYw
492,Abirul,MDQ6VXNlcjQxMzcyODU5
493,ranefattesingh,MDQ6VXNlcjQxMzg1MTI5
494,nesakobi,MDQ6VXNlcjQxNTMzNTk4
495,RobertConde,MDQ6VXNlcjQyMjIzNTQx
496,hartl3y94,MDQ6VXNlcjQyMjYyNDcw
497,saarthdeshpande,MDQ6VXNlcjQyMzM2MDIw
498,leechenze,MDQ6VXNlcjQyMzYxNTI2
499,Dexterzprotege,MDQ6VXNlcjQyMzc4NTUy
500,sandrawilczynski,MDQ6VXNlcjQyNDM5MDIw
501,Debarshi95,MDQ6VXNlcjQyNjA4Nzk1
502,gauharayub,MDQ6VXNlcjQyNjcxMTg0
503,GowthamSk1,MDQ6VXNlcjQyNzA4Njgz
504,PolyVoid,MDQ6VXNlcjQyNzczMjg5
505,middas-0706,MDQ6VXNlcjQyODY2MTc0
506,WendyYanto,MDQ6VXNlcjQyOTU4OTU2
507,batuhan-basoglu,MDQ6VXNlcjQzMDM3NDA0
508,sangamesh-kodge,MDQ6VXNlcjQzMTAwNzM5
509,claudsonbarros,MDQ6VXNlcjQzMTY2NDA5
510,yotamnahum,MDQ6VXNlcjQzMTcwMDQz
511,huiminlim,MDQ6VXNlcjQzNDM0MzEz
512,sumukhteja,MDQ6VXNlcjQzNTAxMjUy
513,valtab,MDQ6VXNlcjQzNTcxNzQx
514,JankinTian,MDQ6VXNlcjQzNjc5NjY4
515,djmcclary,MDQ6VXNlcjQzNzc0NDA0
516,theroyakash,MDQ6VXNlcjQzNzkyNDQ2
517,sadoreko,MDQ6VXNlcjQzODg4NDQ5
518,billsenxu,MDQ6VXNlcjQzODk3NjA0
519,MarcoSantonastasi,MDQ6VXNlcjQ0MDg1Mzcy
520,cheungfujai,MDQ6VXNlcjQ0NjQ4OTI1
521,amadsalmon,MDQ6VXNlcjQ0Njg0NzU3
522,infinitepower18,MDQ6VXNlcjQ0NjkyMTg5
523,ashr4f1arr2ad,MDQ6VXNlcjQ0NzE5MDIw
524,rgdyy,MDQ6VXNlcjQ0OTU4MTY1
525,shayanekat,MDQ6VXNlcjQ1MTQ0Mzc0
526,KlinKlinKlin,MDQ6VXNlcjQ1NTQ3NjY4
527,ishu-thakur,MDQ6VXNlcjQ1NzM4NjE0
528,brijeshbhalodiya,MDQ6VXNlcjQ2MTIwNzQx
529,zaaakher,MDQ6VXNlcjQ2MTM1NTcz
530,XRLZX8,MDQ6VXNlcjQ2MTg0OTc3
531,soumyadbanik,MDQ6VXNlcjQ2MzM2MDIz
532,zhnzhang,MDQ6VXNlcjQ2MzkzMTc0
533,yhf98,MDQ6VXNlcjQ2NDkyNzA1
534,xjhofernandes,MDQ6VXNlcjQ2NTA0Njc4
535,gauravagrwal,MDQ6VXNlcjQ2NTU0MDM0
536,juanca-jimi,MDQ6VXNlcjQ2NzYwNzIz
537,mapy1874,MDQ6VXNlcjQ2ODE0MzA3
538,JohnDNC,MDQ6VXNlcjQ2ODY4MDQ0
539,zeelsheladiya,MDQ6VXNlcjQ2OTM1Nzkz
540,ImKunYoung,MDQ6VXNlcjQ2OTU1MDMy
541,EduardHov,MDQ6VXNlcjQ2OTk3MjYy
542,risejl,MDQ6VXNlcjQ3MjY5NjQ3
543,Soumil-Bhattacharya,MDQ6VXNlcjQ3Mjk2MTA2
544,mahmoudmohamed22,MDQ6VXNlcjQ3MzA0NTU4
545,johnmccants002,MDQ6VXNlcjQ3NDAxMzY5
546,samedsemihs,MDQ6VXNlcjQ3NTg3NDk2
547,moramadan98,MDQ6VXNlcjQ3OTMzMjYw
548,aymandarwish,MDQ6VXNlcjQ4MDE0NTgy
549,HongLouyemeng,MDQ6VXNlcjQ4MTgxNTI5
550,maniac1122,MDQ6VXNlcjQ4MTk5MjA2
551,Sambit650,MDQ6VXNlcjQ4MjU4Nzc4
552,kohring,MDQ6VXNlcjQ4NTM1MTg4
553,okonri,MDQ6VXNlcjQ4NTU2NTI4
554,leopoldoH,MDQ6VXNlcjQ4NzkzMDg2
555,cnhuz,MDQ6VXNlcjQ4OTE2NTIx
556,liltommy1dev,MDQ6VXNlcjQ4OTQwOTQ5
557,Wwillers,MDQ6VXNlcjQ5MjEwNTI1
558,owini,MDQ6VXNlcjQ5MjM0NTUy
559,amirmojarad,MDQ6VXNlcjQ5MjQ0Mzk1
560,devkcud,MDQ6VXNlcjQ5MjU1NTgw
561,RichardZj,MDQ6VXNlcjQ5NDM2MTU5
562,codemikko,MDQ6VXNlcjQ5NDYxMjEz
563,MarcoSteinke,MDQ6VXNlcjQ5NTIzMDUw
564,acox216,MDQ6VXNlcjQ5Njg4NjYy
565,smy1999,MDQ6VXNlcjQ5ODUzOTUw
566,anujchoudhary-17,MDQ6VXNlcjUwMDM4NDky
567,mazrean,MDQ6VXNlcjUwMDkzNjMz
568,XrosLiang,MDQ6VXNlcjUwMTY3MTEy
569,994Simone,MDQ6VXNlcjUwMTc5Mzgw
570,Mystic-77,MDQ6VXNlcjUwMzEyMDE4
571,bruno-aires,MDQ6VXNlcjUwNDUwMjcz
572,Jirigesi,MDQ6VXNlcjUwNzA2NTY4
573,imokhtar,MDQ6VXNlcjUwODcxNDQy
574,ArthurAnastopulos,MDQ6VXNlcjUxMDk3MDYx
575,w3dg,MDQ6VXNlcjUxMTYyOTM2
576,guilefoylegaurav,MDQ6VXNlcjUxNDE4NjQ0
577,plutoniumm,MDQ6VXNlcjUxNjE0MzQ1
578,denmj,MDQ6VXNlcjUxODM2OTE5
579,frankxzAmazon,MDQ6VXNlcjUxODk1NzY2
580,ericwidjaja,MDQ6VXNlcjUyMTgwNTY3
581,mirfanaslam,MDQ6VXNlcjUyMTkwNzk1
582,nayeonshin,MDQ6VXNlcjUyNDgwMzA1
583,xiaozhiob,MDQ6VXNlcjUyNzMzNTk4
584,u-yas,MDQ6VXNlcjUyNzU3MzAy
585,smelouah,MDQ6VXNlcjUyNzg2NDY4
586,icqmula,MDQ6VXNlcjUzMDQ4ODk0
587,dmascheck,MDQ6VXNlcjUzMTEzODUz
588,Abhirajnow,MDQ6VXNlcjUzMTc1Nzkx
589,sanjuchandra,MDQ6VXNlcjUzMjkwNjQy
590,cccaimingjian,MDQ6VXNlcjUzMzI2MzM5
591,anurag01a,MDQ6VXNlcjUzMzcyMjEz
592,masrafi115,MDQ6VXNlcjUzNDA2NjE3
593,sm-heard,MDQ6VXNlcjUzODc2MDYx
594,agastaldellomaccomit,MDQ6VXNlcjU0NjE4NDg3
595,steffiypx,MDQ6VXNlcjU0NjE5NDA4
596,AdnanAaddi,MDQ6VXNlcjU0NjY4MjYy
597,MaxDeveloper16,MDQ6VXNlcjU1MjEzMDAy
598,leonardofoohawyang,MDQ6VXNlcjU1MzQ3MDg4
599,tenpa007,MDQ6VXNlcjU1Mzc5MjI5
600,gtrman97,MDQ6VXNlcjU1NDEyODgx
601,MuffinAmor,MDQ6VXNlcjU1NTUzMzQy
602,rushilenekar20,MDQ6VXNlcjU1OTQ1NTIy
603,soma2000-lang,MDQ6VXNlcjU2MDQ1MDQ5
604,jin-sungdae,MDQ6VXNlcjU2MDc5OTk3
605,Git-Codder,MDQ6VXNlcjU2MDg1NjQ4
606,goillotc,MDQ6VXNlcjU2MzQ1NjU5
607,2019-GitHub-Chu,MDQ6VXNlcjU2NjI4NzM0
608,chinkin707,MDQ6VXNlcjU2NzgzMjM5
609,frankporco,MDQ6VXNlcjU2OTcxOTAz
610,adithya1010,MDQ6VXNlcjU3MDA4ODIx
611,anubhvshrma18,MDQ6VXNlcjU3MTA5MTUz
612,Aditya-Khemka,MDQ6VXNlcjU3MTM5MzE1
613,FrankQixiangGao,MDQ6VXNlcjU3NDYzNTQx
614,alikemalozgumus,MDQ6VXNlcjU3NTMwNTgx
615,Codesmaster-lab,MDQ6VXNlcjU3NTU5ODc0
616,gwd666,MDQ6VXNlcjU3NTk1NDg3
617,Supriyo8799,MDQ6VXNlcjU3ODU2OTAw
618,Maher-RJ,MDQ6VXNlcjU3ODc1MDM3
619,Dajun-2019,MDQ6VXNlcjU3OTQwODAz
620,stevenrsewell,MDQ6VXNlcjU4MTkxOTMz
621,Symon629,MDQ6VXNlcjU4MjQ4NTQz
622,prad-j,MDQ6VXNlcjU4NTIzMjA0
623,jaquespavan,MDQ6VXNlcjU4NTY1NTU1
624,huiyouyou,MDQ6VXNlcjU4NjQ2NzY4
625,huai-jie,MDQ6VXNlcjU4Nzk0OTc5
626,chrichri17,MDQ6VXNlcjU4ODI2ODU5
627,GessioMori,MDQ6VXNlcjU4OTE4MDI1
628,TylerMamrot,MDQ6VXNlcjU4OTIwNDIx
629,danmslamt,MDQ6VXNlcjU4OTYzNzIz
630,Pecorari,MDQ6VXNlcjU5MTA1MzQ2
631,1MuhammadFarhanAslam,MDQ6VXNlcjU5MjA4MTY0
632,najmehn00,MDQ6VXNlcjU5MjkzNzg5
633,Uplift-0508,MDQ6VXNlcjU5MzEwMjEw
634,TatsuyaNakagoshi,MDQ6VXNlcjU5NDY0OTM2
635,NonymousMorlock,MDQ6VXNlcjU5NTg4MTgw
636,EfeAcar6431,MDQ6VXNlcjU5NjUyNjky
637,akinfelami,MDQ6VXNlcjU5Nzc2MzAw
638,avstreamdevpro,MDQ6VXNlcjU5ODQ4NDE2
639,NaoyaTatetsu,MDQ6VXNlcjYwMTI2OTc4
640,mijung-in-11st,MDQ6VXNlcjYwMjA4MTMy
641,simonjgr,MDQ6VXNlcjYwMjM5NTQ4
642,avadhutjc,MDQ6VXNlcjYwNDMzNzM5
643,MLHaddon,MDQ6VXNlcjYwNTY2MTIy
644,Capital-SetMawHtay,MDQ6VXNlcjYwNTk5Mzg4
645,jcork4real,MDQ6VXNlcjYwNzk2NzY4
646,aditya-repos,MDQ6VXNlcjYwODU1OTUy
647,spencerlepine,MDQ6VXNlcjYwOTAzMzc4
648,calbergs,MDQ6VXNlcjYwOTUzNjQz
649,yusuke-z,MDQ6VXNlcjYxMDQ1ODY2
650,jimmysmits,MDQ6VXNlcjYxMjExODU5
651,Drag0nf1y,MDQ6VXNlcjYxMjY3Nzkx
652,JohnDoll2023,MDQ6VXNlcjYxMzMxMDcw
653,ssantoshp,MDQ6VXNlcjYxNjE4NjQx
654,vinodpatildev,MDQ6VXNlcjYxNzI0ODA4
655,mmhamdy,MDQ6VXNlcjYyMDgxNTg0
656,VitorAkira-me,MDQ6VXNlcjYyNDQxODky
657,solfonte,MDQ6VXNlcjYyNTE1MTg3
658,HeroIPmonkey,MDQ6VXNlcjYyNzYwMTM4
659,Matt-Bulk,MDQ6VXNlcjYyODEyNTMw
660,xiao-cy,MDQ6VXNlcjYzMTU4OTA2
661,galichy79,MDQ6VXNlcjYzMjQwMTY2
662,thefaheemkhan,MDQ6VXNlcjYzMzM5NjM5
663,avishekchy45,MDQ6VXNlcjYzMzY0MDI0
664,Derokkk,MDQ6VXNlcjYzNTAwOTAx
665,Shahna-C,MDQ6VXNlcjYzNTc0MTAx
666,Ethan-Ka,MDQ6VXNlcjYzNjcyMTY3
667,grahamwaters,MDQ6VXNlcjYzNzUwOTAx
668,jaymepsantos,MDQ6VXNlcjYzODg0MTEx
669,mohamedhabibwork,MDQ6VXNlcjY0MjkyNTE5
670,rajveer43,MDQ6VXNlcjY0NTgzMTYx
671,Thilak-KN,MDQ6VXNlcjY0NjQ4NjM5
672,katopiler,MDQ6VXNlcjY0NzEwNzUy
673,AesisGit,MDQ6VXNlcjY0NzEzNDM4
674,rafaelporfiriobarros,MDQ6VXNlcjY0NzE3MjMx
675,OBud75,MDQ6VXNlcjY0ODcwODE5
676,yosefkiros,MDQ6VXNlcjY0ODgxODYz
677,ralintuscano,MDQ6VXNlcjY1MTQ0OTgx
678,rhattox,MDQ6VXNlcjY1MjUzMDk5
679,FurkanEdizkan,MDQ6VXNlcjY1MzAxOTE1
680,SegaGLm,MDQ6VXNlcjY1NDkzNTc2
681,celso-na-teixeira,MDQ6VXNlcjY1NjI1Mzcx
682,nilesh05apr,MDQ6VXNlcjY1NzczMzE0
683,EM51641,MDQ6VXNlcjY1ODI5OTEy
684,seanpm2001,MDQ6VXNlcjY1OTMzMzQw
685,dylanhood,MDQ6VXNlcjY2MDM1NTM3
686,JohnPPinto,MDQ6VXNlcjY2MDUzOTcz
687,oss-mad,MDQ6VXNlcjY2NDc3OTE3
688,AHANCIT,MDQ6VXNlcjY3MDg2MjAz
689,sebaminaya0,MDQ6VXNlcjY3MTYxNjIy
690,d-t-n,MDQ6VXNlcjY3MzgwNzky
691,rbuchmann77,MDQ6VXNlcjY3NTg1Nzg4
692,Rameshraj55,MDQ6VXNlcjY3NzU1MDA2
693,SeifEldinMohamed,MDQ6VXNlcjY3ODY5NjMw
694,SteCC,MDQ6VXNlcjY4MTE5Nzgz
695,JoseRicardoPE,MDQ6VXNlcjY4NTY4NDg5
696,PhumyJS,MDQ6VXNlcjY4NTk5Mjky
697,yuyingjun0922,MDQ6VXNlcjY4NjI3MzYz
698,SHakhzodTojiyev,MDQ6VXNlcjY4Nzg1MjM2
699,ShabbirHasan1,MDQ6VXNlcjY4ODI4Nzkz
700,klkuogamer,MDQ6VXNlcjY4ODQyNTE4
701,Gopalakrishnang99,MDQ6VXNlcjY5MDcwMjYy
702,yagikota,MDQ6VXNlcjY5MjAyNjA5
703,DougRog,MDQ6VXNlcjY5Mjg2MDIx
704,rdbender,MDQ6VXNlcjY5NzAzNDQw
705,uivid64,MDQ6VXNlcjcwMDg1MjYz
706,deevanshu-k,MDQ6VXNlcjcwMDkwMDc3
707,linquint,MDQ6VXNlcjcwMTk5NDAx
708,jeanhackpy,MDQ6VXNlcjcwNDY5ODYx
709,PhaedrusFlow,MDQ6VXNlcjcwNDc2NzY0
710,nguyen-duy-tan,MDQ6VXNlcjcwNjQ5NTYy
711,Tpeach9474,MDQ6VXNlcjcwNjgyMzU5
712,KennyOliver,MDQ6VXNlcjcwODYwNzMy
713,ronnieangeles,MDQ6VXNlcjcxMTAyOTky
714,mahmud0v,MDQ6VXNlcjcxMzgxODk0
715,carnate-tech,MDQ6VXNlcjcxNjEzOTAz
716,Ghost1386,MDQ6VXNlcjcxODkxNDIx
717,istellaliu,MDQ6VXNlcjcyNzQyNjUy
718,QuantumBoy1010,MDQ6VXNlcjczMDIxMjUx
719,polygonnedpotato,MDQ6VXNlcjczMDgzNzcy
720,MadushanNimantha,MDQ6VXNlcjczMjIxNzQ4
721,Choikyudong,MDQ6VXNlcjczMjQzNzE1
722,Harshi-itaSinha,MDQ6VXNlcjczMzQ1OTA4
723,anthowest,MDQ6VXNlcjczMzU3Mzgw
724,emiltervo,MDQ6VXNlcjczNDkzOTIx
725,Infisrael,MDQ6VXNlcjczNjMwNDk3
726,MateSousa,MDQ6VXNlcjczNjYzNjEw
727,marcelozepeunam,MDQ6VXNlcjczNjgwNTY2
728,canyoldas0,MDQ6VXNlcjczODAwNzUy
729,erfuun,MDQ6VXNlcjczODEyOTc4
730,madcitymultimedia,MDQ6VXNlcjczODIwMzUw
731,arunavabasu-03,MDQ6VXNlcjczODQyMzQw
732,JonathanCristovao,MDQ6VXNlcjc0Mjc3OTYw
733,ugke,MDQ6VXNlcjc0NDg0NjA5
734,Gustavo-Murdiga88,MDQ6VXNlcjc0NjMyMTM4
735,uk-2,MDQ6VXNlcjc0NzI3OTEz
736,aadarsh-af,MDQ6VXNlcjc0OTI5NTQy
737,karthikmurakonda,MDQ6VXNlcjc0OTQ1Nzc4
738,littlelionly,MDQ6VXNlcjc1MzAyNDI0
739,vidda5,MDQ6VXNlcjc1ODExNjcz
740,AndreiMariciuc,MDQ6VXNlcjc1ODQ3OTg3
741,michelececcacci,MDQ6VXNlcjc1OTQ2NDEz
742,nabeelnoor,MDQ6VXNlcjc2MDM5OTAz
743,sherlcok314159,MDQ6VXNlcjc2MDQzMzI2
744,mist1024,MDQ6VXNlcjc2MjU3NzUz
745,elerner42,MDQ6VXNlcjc2MjY2MzE5
746,vedantraval2310,MDQ6VXNlcjc2NDM2NzU1
747,juliana-silva-hub,MDQ6VXNlcjc2NTcwNjQw
748,sudongyuer,MDQ6VXNlcjc2NjAzMzYw
749,LlandspitRunzingf,MDQ6VXNlcjc2Njk0Mjk1
750,Westsi,MDQ6VXNlcjc2OTk5MjY3
751,AnmolVerma404,MDQ6VXNlcjc3MDE5NzYz
752,JoseLopezSolis,MDQ6VXNlcjc3MDM5MzI2
753,Ashish0898,MDQ6VXNlcjc3NDQwMDgw
754,farinaceos,MDQ6VXNlcjc3NjM2NDM0
755,zamoosh,MDQ6VXNlcjc3NzE2NjA3
756,anadeem2,MDQ6VXNlcjc3NzY1MzE5
757,natdosan,MDQ6VXNlcjc4NTcwNjk3
758,Carpe-Wang,MDQ6VXNlcjc4NjQyNTg5
759,cx63cc,MDQ6VXNlcjc5MjYzNzY1
760,David7ce,MDQ6VXNlcjc5NjA5NjQ5
761,chococandy63,MDQ6VXNlcjc5OTYwNDI2
762,TruongNhanNguyen,MDQ6VXNlcjgwMjAwODQ4
763,TheFrontlineGen,MDQ6VXNlcjgwNDE0Njg1
764,weiliw-amz,MDQ6VXNlcjgwNDgyNDY5
765,lllllllllliiiilllliiliiiilllli,MDQ6VXNlcjgwNTAyNTE0
766,VenuGarlapati26,MDQ6VXNlcjgxMDY1MjY2
767,FukazawaKazushi,MDQ6VXNlcjgxNDA3MzE5
768,TheTrueKen,MDQ6VXNlcjgxNDUxMTMw
769,StephenOravec,MDQ6VXNlcjgxOTM1Njg4
770,sbdeveloper90,MDQ6VXNlcjgyNDU3NjE1
771,loupprodi,MDQ6VXNlcjgyODUwOTc0
772,shirushi-dev,MDQ6VXNlcjgyODYyMDYy
773,Samruddhi362,MDQ6VXNlcjgyODk3ODY0
774,clearljn,MDQ6VXNlcjgyOTkxMjc1
775,Mairobinsky,MDQ6VXNlcjgzMzQ3MDY1
776,pritamkpratihari,MDQ6VXNlcjgzNTQyMjE2
777,HenryDV,MDQ6VXNlcjgzNTQ3Nzk3
778,mattigor,MDQ6VXNlcjg0MTAzODU0
779,federicoreppucci-deliveroo,MDQ6VXNlcjg0MzQxMTIy
780,buiquangthanhcode,MDQ6VXNlcjg0MzgxNzc5
781,MJ-Tech-H,MDQ6VXNlcjg0NjI2NTYz
782,KendallDoesCoding,MDQ6VXNlcjg0NzEyMDEz
783,Shrey-Srivastava21,MDQ6VXNlcjg0ODE1NjIy
784,harshglory129,MDQ6VXNlcjg0ODM2MTg1
785,niravpi,MDQ6VXNlcjg0ODY3NjU5
786,Itisjigar,MDQ6VXNlcjg0OTg1NTk4
787,piyush31009,MDQ6VXNlcjg1MDEwMjg2
788,adnene-guessoum,MDQ6VXNlcjg1NTg2MDU2
789,Yajie-Zhang,MDQ6VXNlcjg1NjEzMDkw
790,huseyingirgin-eva,MDQ6VXNlcjg1NjE5NDEx
791,script-lab,MDQ6VXNlcjg1Nzc1OTkx
792,ccampa896,MDQ6VXNlcjg2MDY3ODc3
793,Ahmedhamza1232001,MDQ6VXNlcjg2NTE4Mzg5
794,ishika1501,MDQ6VXNlcjg2OTIxMDUy
795,mdzaberalhamid,MDQ6VXNlcjg2OTcwOTcy
796,MuziZwane,MDQ6VXNlcjg3MTQ5NTc1
797,batz-gg,MDQ6VXNlcjg3NTQyMjEw
798,jmoore78,MDQ6VXNlcjg3NTgxNTY0
799,Sai-teja-rachamalla,MDQ6VXNlcjg3NjMwNjMy
800,ekaterina4952,MDQ6VXNlcjg3NjU2OTg0
801,KalvenDebig,MDQ6VXNlcjg3NzQwMjkw
802,kumartul,MDQ6VXNlcjg3Nzc0NTA5
803,loraxoy,MDQ6VXNlcjg3Nzg5NzAw
804,YoliswaD,MDQ6VXNlcjg4MTc1NjIy
805,wanjanhasan,MDQ6VXNlcjg4MjgyNjg0
806,ndnan,MDQ6VXNlcjg5NDMzMTg3
807,NickMezacapa,MDQ6VXNlcjg5ODc0MTQ2
808,fedebayer,MDQ6VXNlcjg5ODc5Njcx
809,xwillxu,MDQ6VXNlcjg5OTI0NzEy
810,danielaiyuan,MDQ6VXNlcjkwMDc3OTc5
811,NavratanPatel,MDQ6VXNlcjkwMjU3NDMw
812,Mohammadflht,MDQ6VXNlcjkwMzg3MjU4
813,Tahsin411934,MDQ6VXNlcjkwMzk5MDI2
814,Samruddhiiii,MDQ6VXNlcjkwNDczOTgw
815,fvarghese99,MDQ6VXNlcjkwNTc1NDE4
816,nishantb06,MDQ6VXNlcjkwNzgzODA3
817,Louuuaiii,MDQ6VXNlcjkwOTcwMjk0
818,FelipeFama,MDQ6VXNlcjkxMDUwNjcw
819,sanju50201,MDQ6VXNlcjkxMTA5MTc4
820,Arshu200,MDQ6VXNlcjkxMjE0MDk2
821,josephmartinmoran,MDQ6VXNlcjkxMjE3NjM5
822,AndreCoutinhom,MDQ6VXNlcjkxMjkwNzk5
823,natamartins,MDQ6VXNlcjkxNDM4MjAz
824,sssamm1,U_kgDOBXkKYg
825,techprogo,U_kgDOBXvA-g
826,mgaspirc,U_kgDOBXzn-A
827,SarfarajRahmn,U_kgDOBX1fKQ
828,Aniketchaudhary16,U_kgDOBX4Rdw
829,JeromeXapix,U_kgDOBYMJLw
830,ClaudiaA18,U_kgDOBYPNbQ
831,Manbendra2014,U_kgDOBYnXSQ
832,Saleheddin,U_kgDOBYnb1A
833,Shahid6289,U_kgDOBY322A
834,henry-vipnet360,U_kgDOBY_acw
835,Kishank111,U_kgDOBZGOBg
836,thrashghost,U_kgDOBZIbyQ
837,prejin2310,U_kgDOBZIkNg
838,Sudhanva-Nadiger,U_kgDOBZQoPg
839,ethangutknecht,U_kgDOBZiAJQ
840,mb4m1,U_kgDOBZpQmg
841,Lucas1114,U_kgDOBZ4wnQ
842,puppsupr,U_kgDOBaMEFA
843,naji0329,U_kgDOBak6lQ
844,SuperSmile0109,U_kgDOBalXGA
845,Giasinit,U_kgDOBal03Q
846,apella1,U_kgDOBaqT4Q
847,0laday0,U_kgDOBasjWw
848,pannacottaaaa,U_kgDOBatpvw
849,mars-aria,U_kgDOBat_Fg
850,ygill,U_kgDOBbVRtw
851,isaacbrendel,U_kgDOBbY5Hg
852,Avidlearner001,U_kgDOBbaXtg
853,zagui-master,U_kgDOBb2Kaw
854,Ganesh972,U_kgDOBb5BaA
855,marupon3910,U_kgDOBcFr5Q
856,Fuko-Ibuki,U_kgDOBcLWgw
857,JeffreyChim,U_kgDOBcTLXg
858,supbrice,U_kgDOBcXJsw
859,black-mold,U_kgDOBcYkag
860,BrunoGr0883,U_kgDOBcec_w
861,tomgangwang,U_kgDOBct3fQ
862,emmyoh,U_kgDOBcxQ2w
863,leonardonakagawa,U_kgDOBc81Zw
864,chkp-bryans,U_kgDOBdMBmQ
865,hgnzheng,U_kgDOBdS9cA
866,agurinv,U_kgDOBdXPOQ
867,sghost13,U_kgDOBddZog
868,SpikyWU7,U_kgDOBdfRvw
869,shashank-mishra14,U_kgDOBdiwLQ
870,Naveen2334,U_kgDOBd4p-Q
871,IAMPARSI,U_kgDOBd8L8w
872,Angie-Zhang,U_kgDOBeJLhQ
873,Vladdstian,U_kgDOBecGjA
874,satayuji,U_kgDOBedlZQ
875,HJPandey,U_kgDOBeowyw
876,ryanherd,U_kgDOBeqWJQ
877,gremsyQuanLe,U_kgDOBfBtKA
878,Kenaaaaaa,U_kgDOBfEQcw
879,koray-aydin,U_kgDOBfEibA
880,lchen104,U_kgDOBfNxqg
881,louisphihaihoang,U_kgDOBfYAWA
882,YasinAshorian,U_kgDOBfaOlA
883,RahulDubey391,U_kgDOBfi1Gw
884,SnKToR,U_kgDOBfqbfQ
885,Rupesh510,U_kgDOBfxClA
886,akshit2257,U_kgDOBf1D6Q
887,pppppyamaP,U_kgDOBf68bw
888,Rajesh562020,U_kgDOBf7fwQ
889,Trik01,U_kgDOBgFzQw
890,zahidhussain998,U_kgDOBgPPnw
891,hemsridh,U_kgDOBgSTzg
892,lowep,U_kgDOBg5GOg
893,yolo102938,U_kgDOBg8LKA
894,FlawlessCasual17,U_kgDOBhMQiA
895,dhineshprabakaran,U_kgDOBhMd2w
896,qdclub,U_kgDOBhPx6w
897,asimpson0000,U_kgDOBhdBQw
898,dmytrochumakov,U_kgDOBhhSVQ
899,thatme12,U_kgDOBhhYYg
900,The-code-is-secret,U_kgDOBiMobA
901,jeremyw-dobeu,U_kgDOBiZC9A
902,christine-sandbox,U_kgDOBiepMw
903,maxrathmann,U_kgDOBipvSA
904,AaronSMathew,U_kgDOBipyFg
905,FIDEL7Z,U_kgDOBirODQ
906,MirboboyevJasurjan,U_kgDOBiut1Q
907,nadprime,U_kgDOBi-Zzw
908,aka5050,U_kgDOBjSE0w
909,tori-ham,U_kgDOBjXjKA
910,boscotba,U_kgDOBj4DZg
911,jasonthedataguy,U_kgDOBj4ggw
912,AContesini,U_kgDOBj7sbA
913,julianomolinari,U_kgDOBj9vsQ
914,Ponthezs,U_kgDOBkAfRg
915,akhmadmamirov,U_kgDOBkRXLA
916,bourbakiN97,U_kgDOBkS6RA
917,Myceliose,U_kgDOBkV5ig
918,mil2tech,U_kgDOBkXhOw
919,ad0niram,U_kgDOBkfwrQ
920,chrisgomad,U_kgDOBklwjw
921,Julioalvestv,U_kgDOBks7ow
922,seespike,U_kgDOBk0Naw
923,penguinpottery,U_kgDOBk_W0w
924,crr-bbai,U_kgDOBk_iFA
925,ComprehensiveAmoeba,U_kgDOBlG1Nw
926,andedavd,U_kgDOBlP9ig
927,WLHQ,U_kgDOBlhWvA
928,manuelortizus,U_kgDOBlxBvA
929,aibolu,U_kgDOBlyo6w
930,MaxBryne,U_kgDOBl_xhg
931,Frisek,U_kgDOBmJIUA
932,shanenichols-channeladvisor,U_kgDOBmLzRQ
933,mircoisendu,U_kgDOBmSIQA
934,soriqoo,U_kgDOBmUIvg
935,romans1234,U_kgDOBmij5A
936,silviana-hs,U_kgDOBmi4Hw
937,risingcurve,U_kgDOBmwwJQ
938,rigvedp97,U_kgDOBm3q6w
939,jcf170030,U_kgDOBnCbLQ
940,ThomasCode92,U_kgDOBnWQSA
941,rsenthur,U_kgDOBnuhEg
942,xmartinsbr,U_kgDOBn3Iqw
943,JulienCamp,U_kgDOBn9K9w
944,ryan-w-roche,U_kgDOBoAOjw
945,montyma-amazon,U_kgDOBoC8VA
946,BryantVencil,U_kgDOBoDbjw
947,Vasco-Arts,U_kgDOBoQjwg
948,AgentofPhoenix,U_kgDOBoaHpg
949,JapnoorHere,U_kgDOBocyQw
950,Pulimi1991,U_kgDOBpIAbw
951,modabossymaxk,U_kgDOBpNEcw
952,Janxxxx,U_kgDOBploEw
953,BandhiyaHardik,U_kgDOBppvPQ
954,srdegbe,U_kgDOBpxDQQ
955,pushkarcode,U_kgDOBqCAXQ
956,bbazwalt,U_kgDOBqHNzg
957,Calum09,U_kgDOBqOfQQ
958,TaryNascimento,U_kgDOBqS3vQ
959,Itzkuldeep444,U_kgDOBqZLEQ
960,rafaelgandis,U_kgDOBqeAyw
961,iamchiranjeebpanda01,U_kgDOBqf6lw
962,gsoni1,U_kgDOBqi9wg
963,Qianru69,U_kgDOBqp93A
964,mrlizhaozhi,U_kgDOBqwYHQ
965,soorajaryan007,U_kgDOBq4-CA
966,IKashCode,U_kgDOBrDD1A
967,Anmol5519,U_kgDOBrEvzQ
968,BigSlum,U_kgDOBrUhmA
969,RomDev7,U_kgDOBreN4g
970,doski22,U_kgDOBrkqMw
971,allaboutevemirolive,U_kgDOBrm0Pw
972,hongbo-wei,U_kgDOBrozDw
973,mdhumairraza,U_kgDOBrpQ2A
974,Laindrion,U_kgDOBrtgYQ
975,kdelcampo13,U_kgDOBrwUKA
976,Hoppeful,U_kgDOBr4STA
977,vaddikeshavareddy,U_kgDOBr5Dbw
978,MahdiCodee,U_kgDOBr5sgQ
979,DonzerHD,U_kgDOBr8xWQ
980,darenj456,U_kgDOBr_1fg
981,coder-nian,U_kgDOBsCCiw
982,shubmanh,U_kgDOBsD2ww
983,kybex11,U_kgDOBsGunQ
984,VasanthamHimaanshu,U_kgDOBsKLdg
985,SvipWangyh,U_kgDOBsUq_w
986,innocentc,U_kgDOBsV6jA
987,1jana0,U_kgDOBsXInA
988,Armkas,U_kgDOBsj2Ug
989,mgtian03,U_kgDOBspIfw
990,GuilhermeeCustodio,U_kgDOBs1uzQ
991,rajwadejii,U_kgDOBs-N8w
992,carlosgomezi,U_kgDOBs-dwA
993,RaviYadav02,U_kgDOBtRYtA
994,DadMouth82,U_kgDOBtSK0g
995,aliandead,U_kgDOBte_jA
996,Su-Tcode,U_kgDOBtfALA
997,gitteedara,U_kgDOBtiEYg
998,iam-back,U_kgDOBtjOAw
999,Ananya2311,U_kgDOBtnp-A
1000,MaxwellNi,U_kgDOBtnxhw
1001,winfredbo,U_kgDOBt1AZQ
1002,Xie-h-bin123,U_kgDOBuKWnQ
1003,Sheepdog2022,U_kgDOBuY9Yg
1004,Salvapazzo86,U_kgDOBug4IQ
1005,Mohamed988o,U_kgDOBujRUw
1006,htiennv,U_kgDOBupiPg
1007,Shashank1407,U_kgDOBusk1w
1008,ali-fraz,U_kgDOBu_GQQ
1009,sbaws,U_kgDOBvRGCg
1010,rany01,U_kgDOBvRXyw
1011,Anis-Web,U_kgDOBvV1-A
1012,Ig0rFA,U_kgDOBvZ06Q
1013,wshanleee,U_kgDOBvrxpg
1014,ansh2903,U_kgDOBvw0kQ
1015,konpap-chan,U_kgDOBv2kGA
1016,Arun-gox,U_kgDOBwrt8Q
1017,amitsingh2022,U_kgDOBwyvow
1018,java-oss,U_kgDOBw5KAw
1019,misaelsp,U_kgDOBw8o-A
1020,JaafarLezzaik,U_kgDOBxIrZA
1021,Renpeng01,U_kgDOBxgi8A
1022,shanechioa,U_kgDOBxhf9A
1023,davidade300,U_kgDOBxqiVw
1024,pchalise7,U_kgDOBx6YEA
1025,Valliebby,U_kgDOBx8t2g
1026,camilasoares045,U_kgDOByAZ3A
1027,poemww,U_kgDOByEO_w
1028,MarcelloCordal,U_kgDOByz5yA
1029,github-world192,U_kgDOBy271w
1030,nhathann,U_kgDOBy9mxw
1031,artemsyvko,U_kgDOBy_fGA
1032,sivalaxman07,U_kgDOBzToBg
1033,raphaelguardiano,U_kgDOBzf96Q
1034,choiruddine,U_kgDOBztg_w
1035,Nithin-singiri,U_kgDOBztl4w
1036,adiibnuajat,U_kgDOBzwqIA
1037,krishnagptamcs,U_kgDOBz0E9w
1038,yanwei257,U_kgDOBz0xZw
1039,gauravchakrxborty,U_kgDOBz5QfQ
1040,sergiojfsunior,U_kgDOBz8WZQ
1041,GiuLOCX,U_kgDOB0OJgw
1042,firefitdesgns,U_kgDOB0Z5wg
1043,themrhoffmann,U_kgDOB0g7EQ
1044,mgrundwuermer,U_kgDOB0m9qg
1045,Philipabao,U_kgDOB0zhfA
1046,Parvbird,U_kgDOB1JvsA
1047,Olaffson,U_kgDOB1RevA
1048,Hamza-H10,U_kgDOB1jMBw
1049,karthik121222,U_kgDOB1s7Ng
1050,timboslice832,U_kgDOB13l7g
1051,gilleswb,U_kgDOB2BJvA
1052,Naruto-79,U_kgDOB2HYBg
1053,aostar168,U_kgDOB2HzAA
1054,tinajiang26,U_kgDOB2fP8w
1055,marcosdataleal,U_kgDOB2jnbw
1056,nandarshan,U_kgDOB27rQQ
1057,martinOofay2023,U_kgDOB3K7sQ
1058,gviictxr,U_kgDOB3yE1g
1059,RomanGleizer,U_kgDOB35rWg
1060,josielabreu,U_kgDOB4LUIg
1061,VISHALVARUN011002,U_kgDOB4baSA
1062,ColdCodedotso,U_kgDOB4pvJA
1063,19raulruiz68,U_kgDOB4p0LA
1064,zaim03767,U_kgDOB4sJGw
1065,imishangrover,U_kgDOB4z4Zg
1066,wiscdn,U_kgDOB41_9Q
1067,ortanaV2,U_kgDOB5BrRA
1068,sks972,U_kgDOB5JAXQ
1069,omarhabd,U_kgDOB5ioZQ
1070,Kayra-Baran,U_kgDOB5xIGA
1071,purushoth2603,U_kgDOB59iwg
1072,ywangire,U_kgDOB6ZUuQ
1073,ZenShuHara,U_kgDOB6jVTg
1074,chende1121,U_kgDOB6tvnQ
1075,TF-185,U_kgDOB7i9ag
1076,Tanzimalahi,U_kgDOB78dng
1077,VidhiS07,U_kgDOB8EbTw
1078,JCOOPER5646,U_kgDOB8ORCA
1079,SangaoWe,U_kgDOB9RXkw
1080,Maycon-dSilva,U_kgDOB9SmeQ
1081,imanol-2021-12,U_kgDOB9V3Dg
1082,andregustavoaguiar,U_kgDOB94nNw
1083,aws-apradana,U_kgDOB98TPw
1084,choimikey,U_kgDOB9_6Yg
1085,datamoro,U_kgDOB-LirA
1086,Maycon-Melo,U_kgDOB-d0eA
1087,lanjua5899,U_kgDOB-iAqg
1088,AnnaleaLayton,U_kgDOB-5gBw
1089,Xeshing,U_kgDOB_YtYw
1090,notjustjoshin,U_kgDOCAMMuA
1091,niveshatom11,U_kgDOCAYD9w
1092,amenihong,U_kgDOCAmNZA
1093,MT-Designs,U_kgDOCAmTaQ
1094,ben9672,U_kgDOCA3ypQ
1095,Abeldsonndiku,U_kgDOCBMAog
1096,WIN1NG22,U_kgDOCBZjNg
1097,GauravDevOps711,U_kgDOCBrLGQ
1098,PatientProblemSolver,U_kgDOCCzZIw
1099,CameronScarpati,U_kgDOCDw2ig
1100,adityadatta11,U_kgDOCEjWYA
1101,joaovgcoelho,U_kgDOCFg_lg
1102,V-AI-ML-DL-DS-PL-PYTHON-JAVA-GO-2023-0,U_kgDOCFke0w
1103,Umesh2851997,U_kgDOCF4_vg
1104,Amisha-verma2907,U_kgDOCGIuAg
1105,ModernSithLord,U_kgDOCGvS_Q
1106,ocupadaparavc,U_kgDOCG05jQ
1107,hyeonu-kim,U_kgDOCG3tWg
1108,nogueiralf,U_kgDOCHFunA
1109,zactseng,U_kgDOCHQzdw
1110,ricberht,U_kgDOCHWW4w
1111,abolfazlhajjar,U_kgDOCHndQQ
1112,Tariq-Anjum,U_kgDOCHuFiA
1113,vedamjamz,U_kgDOCHvulg
1114,adminjd,U_kgDOCHwAqA
1115,Zzzyyy2023,U_kgDOCICYRg
1116,Chrishargrove58,U_kgDOCIG2oA
1117,Kikikickss,U_kgDOCINm_w
1118,luneto10,U_kgDOCIYduQ
1119,538mansi,U_kgDOCIor1w
1120,INGVARtattoodjnWEBdev,U_kgDOCIzdAQ
1121,PPCXZ,U_kgDOCI1blg
1122,cvs0,U_kgDOCJMr5g
1123,ZumaGr,U_kgDOCJOb4A
1124,rshuba4,U_kgDOCJi4aw
1125,sairavi5887,U_kgDOCJi8QQ
1126,ravigiri91,U_kgDOCJkSgw
1127,dminduca,U_kgDOCJs5hg
1128,vx-vijay,U_kgDOCLEukw
1129,hatimharrati,U_kgDOCL2WQw
1130,acya-amazon,U_kgDOCMMSNQ
1131,niroshinimurugadas,U_kgDOCMxxkw
1132,harishravi131,U_kgDOCM2ZXw
1133,harishravi141,U_kgDOCM8RFg
1134,harishravi151,U_kgDOCM9IRQ
1135,JustSouichi,U_kgDOCNJixA
1136,suncoastcloud,U_kgDOCNglCA
1137,miguelkuter,U_kgDOCOIEdw
1138,Pymster,U_kgDOCOTmVw
1139,smart-person,U_kgDOCO14HA
1140,SavetoAI,U_kgDOCPcC-Q
1141,ANVESHBV,U_kgDOCQaMXQ
1142,tufanbil,U_kgDOCQzw9A
1143,iamakachili,U_kgDOCQ3HvA
1144,NikolaiYYDS,U_kgDOCRknWw
